{
    "observation.state": {
        "mean": [
            33.29553985595703,
            78.21692657470703,
            245.84385681152344,
            331.5724182128906,
            317.2550354003906,
            110.13959503173828,
            46.48015213012695
        ],
        "std": [
            68.23360443115234,
            119.91433715820312,
            19.213510513305664,
            93.22396850585938,
            12.620731353759766,
            17.45627784729004,
            42.48019027709961
        ],
        "min": [
            0.0,
            0.002572124358266592,
            212.12673950195312,
            0.0,
            282.55877685546875,
            89.65050506591797,
            9.5367431640625e-07
        ],
        "max": [
            359.9997253417969,
            359.94873046875,
            295.5273742675781,
            359.99993896484375,
            348.26531982421875,
            143.68685913085938,
            100.0
        ],
        "q01": [
            0.038194580078125,
            1.3999105167388917,
            212.17506408691406,
            9.1552734375e-05,
            283.6954650878906,
            89.81950988769532,
            0.4385974407196045
        ],
        "q99": [
            359.99822998046875,
            358.57500610351565,
            289.40046386718745,
            359.9998779296875,
            348.1585388183594,
            141.31520080566406,
            100.0
        ]
    },
    "action": {
        "mean": [
            33.29553985595703,
            78.21692657470703,
            245.84385681152344,
            331.5724182128906,
            317.2550354003906,
            110.13959503173828,
            46.48015213012695
        ],
        "std": [
            68.23360443115234,
            119.91433715820312,
            19.213510513305664,
            93.22396850585938,
            12.620731353759766,
            17.45627784729004,
            42.48019027709961
        ],
        "min": [
            0.0,
            0.002572124358266592,
            212.12673950195312,
            0.0,
            282.55877685546875,
            89.65050506591797,
            9.5367431640625e-07
        ],
        "max": [
            359.9997253417969,
            359.94873046875,
            295.5273742675781,
            359.99993896484375,
            348.26531982421875,
            143.68685913085938,
            100.0
        ],
        "q01": [
            0.038194580078125,
            1.3999105167388917,
            212.17506408691406,
            9.1552734375e-05,
            283.6954650878906,
            89.81950988769532,
            0.4385974407196045
        ],
        "q99": [
            359.99822998046875,
            358.57500610351565,
            289.40046386718745,
            359.9998779296875,
            348.1585388183594,
            141.31520080566406,
            100.0
        ]
    },
    "timestamp": {
        "mean": [
            7.968478202819824
        ],
        "std": [
            4.912508487701416
        ],
        "min": [
            0.0
        ],
        "max": [
            19.30000114440918
        ],
        "q01": [
            0.13333334028720856
        ],
        "q99": [
            18.34266716003417
        ]
    },
    "task_index": {
        "mean": [
            0.0
        ],
        "std": [
            0.0
        ],
        "min": [
            0.0
        ],
        "max": [
            0.0
        ],
        "q01": [
            0.0
        ],
        "q99": [
            0.0
        ]
    },
    "episode_index": {
        "mean": [
            5.1610283851623535
        ],
        "std": [
            3.514925241470337
        ],
        "min": [
            0.0
        ],
        "max": [
            11.0
        ],
        "q01": [
            0.0
        ],
        "q99": [
            11.0
        ]
    },
    "index": {
        "mean": [
            2586.0
        ],
        "std": [
            1493.31640625
        ],
        "min": [
            0.0
        ],
        "max": [
            5172.0
        ],
        "q01": [
            51.72
        ],
        "q99": [
            5120.28
        ]
    },
    "next.reward": {
        "mean": [
            0.0023197371046990156
        ],
        "std": [
            0.048107750713825226
        ],
        "min": [
            0.0
        ],
        "max": [
            1.0
        ],
        "q01": [
            0.0
        ],
        "q99": [
            0.0
        ]
    },
    "next.done": {
        "mean": [
            0.0023197371046990156
        ],
        "std": [
            0.048107750713825226
        ],
        "min": [
            0.0
        ],
        "max": [
            1.0
        ],
        "q01": [
            0.0
        ],
        "q99": [
            0.0
        ]
    }
}